{
  "faithfulness": 1.0,
  "answer_relevancy": 0.9344806831923854,
  "context_precision": 0.8183333333043471,
  "context_recall": 1.0
}