{
  "faithfulness": 0.8260714285714286,
  "answer_relevancy": 0.6175989395487915,
  "context_precision": 0.55956349204584,
  "context_recall": 1.0
}