{
  "faithfulness": 0.8661111111111109,
  "answer_relevancy": 0.561279401983736,
  "context_precision": 0.5817857142680655,
  "context_recall": 1.0
}