{
  "faithfulness": 0.9541666666666666,
  "answer_relevancy": 0.7950954664511609,
  "context_precision": 0.7237599206129754,
  "context_recall": 1.0
}