{
  "faithfulness": 1.0,
  "answer_relevancy": 0.873984855885964,
  "context_precision": 0.8777777777551852,
  "context_recall": 1.0
}