{
  "faithfulness": 0.893095238095238,
  "answer_relevancy": 0.6158643375258286,
  "context_precision": 0.6134523809331279,
  "context_recall": 0.9
}