{
  "faithfulness": 0.675,
  "answer_relevancy": 0.520027040060522,
  "context_precision": 0.5720634920445006,
  "context_recall": 1.0
}